sig,buy,sol,pump_fee,creator_fee,fee_bps,cfee_bps,network,priority,jito_tip,rent,other_unexplained,trader_delta,n_sigs
2aSHWMBwW94rVTWg15bTgFojjoRt7jVdW77jcvHNQdWLn9Mh7VJ4jf7Z4Y6k8cDCzhccJWJnjErJUwKx3LsKHLff,False,1.003054831,0.009529021,0.003009165,95,30,5e-06,0.00012649999999999998,0.0,0.0,0.001100000000000101,0.989285145,1
58DAPfB6AAHcDphJnKwpPHdfoCP8GX9JUgCWvb7Ez5Jci9g5RUPFtj8exzP6pYRA8wvjqmutA99ftjqU7XpRhQKU,False,2.041920845,0.019398249,0.006125763,95,30,5e-06,9.407999999999999e-06,0.0,0.0,0.0009999999999998899,2.015382425,1
22o4UHETYE9mFvSF98F7ZmtMC9uW97k4YLZHcrxrrPB2XTUp6uS479TtmejLkKh3ZDznvyxAvW946tJ9GuNUS5Ys,False,0.00835389,7.9362e-05,2.5062e-05,95,30,5e-06,0.00021860699999999998,0.0,0.0,0.002570221999999998,0.005455637,1
DE1KxykBuP6cyfQeeD94s9FXR5kjMBGg97BjCXBZmebpn6e8gJEK64JeN7ggg8jYn2T2CMrSy13Xo4SYH7rcFQK,True,0.320834821,0.003047931,0.000962505,95,30,5e-06,8.999999999999999e-06,0.0,0.0,0.0,-0.324859257,1
4yCnKaguYeLDpga1U7vN41wSmgtgZC32MrXJnYvWpvmw9Rcpitfy6yXA7oXJAKrNuxBGoQ5GL4DpnTaQhp7qgkF,False,0.560796896,0.005327571,0.001682391,95,30,5e-06,0.0006,0.0,0.0,0.004378590000000071,0.548803344,1
2EXuuH8Z3xAexEdopkrH6hdpqu71D4iuwQj5eTMnYYh7htK2VXT33Gid8pdqCKQz6oPPSRsNUFJqkjpjuNpXLF87,False,0.000297762,2.829e-06,0.0,95,0,5e-06,5e-05,0.0,0.0,8.940000000000358e-07,0.000239039,1
4qUrXJswdZjN6eDUCqgQu2cYvWYHFSqBQxR4d8QVEtKM584xa4wjNU3HLMzCX7nWAKwL3dCQbfWEeVxdcYFiSDuX,True,0.385649977,0.003663675,0.00115695,95,30,5e-06,8.514e-06,0.0,0.0,0.0010000000000000009,-0.391484116,1
5FceyTmwgtwwuoJwndXLyPW82RPNWaQiMMEq8qth53K8jGbEFueoTPg36uqHhsxoc58ewpmuyAzjPu98f2aoTFUa,True,0.2,0.0019,0.0006,95,30,5e-06,0.00039999999999999996,0.001,0.00300228,-0.0014884400000000075,-0.20541884,1
kcDe5hP9BNqtYpg1W6JWWHH3NypbrLQTnmuBFKLoAm9vJXQCRcR1cnyPAKXs3xPqEKa8em9qv77yAoLm2He5CdZ,False,0.058023285,0.000551222,0.00017407,95,30,5e-06,5.999999999999999e-06,0.0,0.0,-0.0015138399999999955,0.058800833,1
5Qf5tAmFhdZu2EFe7zVBqyP7mKbegT4sZm3bRTFbqJm6uGx7qricDoqLbVqQxAbqwFUUsHTGSySDG6tQvenTo3Y6,False,0.175674137,0.001668905,0.000527023,95,30,5e-06,2.3059e-05,0.0,0.00148844,-0.0014884400000000075,0.17345015,1
3axYxJYqHpgtHcGTt3Fenb7wsTdy8YT8KqrwS8P55twWuqf1rTzeaerquGUCBhwYG85YYBAAMi51Tq1WphRMvLiH,False,1.377811763,0.013089212,0.004133436,95,30,5e-06,0.001380001,0.0,0.0,-0.0004979149999999599,1.359702029,1
522WAGDFGu67hgSYUk6pYufmLfCeihNR2UwkKbYuN4Ems93XUUQsb1JjLDHPnStc9b7AN731dYXXyBfBimkucskm,False,0.084246192,0.000800339,0.000252739,95,30,5e-06,7.5001e-05,0.0,0.00148844,-0.0007752989999999932,0.082399972,1
3Vnmhgj6xg9u2Y784omKspxE4SoVcs5CcFy48CmmR1XgK18sP24ZQiCFXf25vx71txqspCkX8XB8A5qWCSqWCJdw,True,0.049382715,0.000469136,0.000148149,95,30,5e-06,5.4995e-05,0.0,0.00151384,1.4999999999994185e-05,-0.051588835,1
2PVdJiva1komgkqxjGheFi2iEDLoLAJ8Bmobiqe4sgaDaSDcLbS6bSDKkM3f2PZpjXUXNFvJy6HfFg3wpYB1CsDH,True,0.493827159,0.004691359,0.001481482,95,30,5e-06,0.0015,0.0,0.00151384,0.0010000000000000009,-0.50401884,1
2vKQEqsAPnhLM8HzkfmzY5Wbwd5fT9nUdKE3iyxzAEEfKcUwMRcRzePShXNF6r4s8qfzmSXCa8cBp2NXWjUb6AzC,True,0.098765431,0.000938272,0.000296297,95,30,5e-06,0.00019694399999999998,0.0,0.0,0.0020000000000000018,-0.102201944,1
2Z1RQsVXS3baVBw1nYzZkrnpVyCLXMmo61CWNDYsWgfNBWUFymfoiRub9jNHhrTwFmoLi85MZ4B2BckXgaG9YGeS,False,0.108457778,0.001030349,0.000325374,95,30,5e-06,9.999999999999997e-07,0.0,0.0,9.999999999998899e-05,0.106996055,1
3tEvQZTMAaz8NKaUx9tkh6pSUsZkiRm4Z6Vf6JHTsxAFugpcRzuMcqGDZ5vKLS6gp4kR6KuD3zHZ37SLccPfK1yo,False,1.580246912,0.015012346,0.004740741,95,30,5e-06,5.0001e-05,0.0,0.0,-0.00215260000000006,1.562591424,1
4FwVg5G1UyBgj8QxZMYJZAriKdUtVeaxKRJEDVg58TxMbcq71S74hUhaXLzQ4JiP8zzAMRvQq5eoj2HbLaYsEZnG,True,0.0,2.0131e-05,6.358e-06,95,30,5e-06,0.0005,0.0,0.00148844,0.098838582,-0.100858511,1
5P5Q2wMjerWkWRTqqckSNJG9ex226NVZJ9sHsTKE4WccvwtJF7bpMHaGF88g1zCQdLSazzY3XJykKt8CwnPKUSmv,False,0.061807085,0.000587168,0.000185422,95,30,5e-06,0.001,0.001,0.0,0.0,0.059029495,1
2H4w7bg2aSyATBGh7yUc4peWHgG3wQCLRgtozE8HrQxrZxXxvk4uBByJLmtP5znZZddFiaitjJqQp4HsFCWSKrXM,True,0.001873433,1.7798e-05,5.621e-06,95,30,5e-06,1.1500000000000002e-05,0.0,0.0,0.0,-0.001913352,1
2rgPiK5iqJQR9vTnXX1WHHYMoSVPjsCEUHTaWNq2wKZ4T1Rhe3wtTcnjB2fvYhg3QNKVcMsHQ75452KCyGxgnrxM,False,0.0,0.038637583,0.056939596,95,140,5e-06,1.8909999999999993e-06,0.0,0.00148844,-0.115876056,0.018803546,1
5UjmrY4SMeDLLC75kDYPALqJJyubzs2D6deDkFt3YryaQsUXagiyw6EQT3pvGqfoWFQXc1ViAbKpPMRX6iKjpvaX,False,0.679872157,0.006458786,0.002039617,95,30,5e-06,9.5e-05,0.0,0.0,6.0111000000029335e-05,0.671213643,1
2Bf9MBKbgA9FRjeSv9eQrm3CDexymp43LZp9pPoJ4WU2kNFRBWZAdfzJ3yJBfQbV3NoPXQ2CZKsqmobG1Py5sGBH,True,0.118585464,0.001126562,0.000355757,95,30,5e-06,0.000375,0.0,0.00151384,0.0,-0.121961623,1
61wyPM6SUDj8EAVbcm28qFBdFfPB7krCdZZAePF1wfhaZuJxPbifLb5wNne6qQnq9cg6UsTQ4UR8dYWkLTaJ5QLj,False,0.541847027,0.005147547,0.001625542,95,30,5e-06,0.0001,0.0001,0.0,0.0,0.534868938,1
21rKZwZ2VPzmZFZiGGRSB1ZEHsddRFyqHBju84Rgi4zTA76RFCdbNNejaVzTp73XmYAyBCnMaTqSMXPperEFZSk4,True,0.7,0.00665,0.0021,95,30,5e-06,6.25e-05,0.0,0.0,0.0,-0.7088175,1
27srNPoKvHL5EL6pZ1t8AtZTCRtmhvViY1EpNYvAbPe1ihkG4GzaFm4zMReaUamYv269sz7DCBSSrbVuagi8AXma,True,0.605325925,0.005750597,0.001815978,95,30,5e-06,0.0021000000000000003,0.0,0.00151384,0.0015999999999999348,-0.61811134,1
3zqE4YbEBbKGUqFxdxtKkSwDBWHZH9Mrj5XTjkZ3Yrjv8RpxgrRuvmte3rBwYGaG8D41gj1TaaZgCqDkyzSvpqSW,True,0.188412852,0.001789923,0.000565239,95,30,5e-06,1.7537e-05,0.0,0.00434848,-0.001488439999999952,-0.193650591,1
2cMDFyKWpoSHZCsEDekLgY1515NfhKKNqY5qUYCmgj3EeC3PJJQxBCdiH8VoZPFp8GvLzT8Nqr8HpaTnRUcZxpdG,False,0.008460682,8.0377e-05,2.5383e-05,95,30,5e-06,0.001,0.001,0.0,8.673617379884035e-19,0.006349922,1
23Jieh5nmLCDLZahnNhfExbQnSaSFVmy2ZAXUryknuuW5JJKnUp2ArFCduxCqVzAmyPWf2MAchpy76pT5NB4uwCT,True,1.167971897,0.011095734,0.003503916,95,30,5e-06,9.100000000000001e-06,0.0,0.00151384,0.00649999999999995,-1.190599487,1
4Z14pdpKa9C6wxADPTMrfBgX8QwFVRmJ8p6Q7XY2WnoNX1ZFiSQczBq1YZBuJ3t56GL241T5P5cA8raCfXJMqa3J,False,0.002236741,2.125e-05,6.711e-06,95,30,5e-06,8.999999999999999e-06,0.0,0.0,0.0,0.00219478,1
64ULr1QS1va5pwTNRiQSCq3MGPGFYaJEREtRnvk8UgpG5WJsM2wczejP9RrQRGUUeqng7388arwBFnDgQeQfvCSJ,False,0.032979986,0.00031331,9.894e-05,95,30,5e-06,4e-05,0.0,0.0,0.0,0.032522736,1
4KibevAvNAphDbmxHVJVUy3Fj48zsiTFdQqp3U35WADVF3cieyZH9Ew7ZzSQNSarVgX6p3rT9w3utrpn1Yw7NCiH,True,0.849657614,0.008071748,0.002548973,95,30,5e-06,0.000118888,0.0,0.0,0.0016000000000000458,-0.862002223,1
312LMd8CENcwGvQsnba25WGUKo26Z6NZRxsFCAvP3pxwBvZkJEFiS4iUsB9REkcGFjZxPVB4wDsj4fMJcT3baHdS,True,1.097323644,0.010424575,0.003291971,95,30,5e-06,1.5499999999999936e-07,0.0,0.00300228,-1.113178873,-0.000868752,1
5T7croJeKE6nFNRC38cBP3W9AW938yi5pcmn7AJcHsECRQ5PbQzi9m3b3fRxmEG4HAdkRKzWEYxWwxSYiee5pDJB,False,0.0,3.315284498,4.885682418,95,140,5e-06,1.259999999999993e-07,0.0,0.0,-8.201584876,0.000612834,1
3hf5oPuXMtneJaacMQGK5ntU341ZCgosjZm4iFMqgvZpuxaWmGfT56QG9ePj1yjHUPHfgXzVTfW4nALrhzGGC6Tf,False,1.38179812,0.013127083,0.004145395,95,30,5e-06,0.0001,0.0,0.0,-0.0015138399999998775,1.365934482,1
21WfrLtinh3nGyzXw7PZz4jih9xeRbcy715LMhvevjeDbqqU5RjEzCtTesx72aNXfHzoL11pNKf4z75cSSYAK1aG,False,2.567901232,0.024395062,0.007703704,95,30,5e-06,9.999999999999999e-06,0.0,0.0,0.001000000000000334,2.534787466,1
5dLTCDFqWjWo8v793teVDrPqbtZKnVAUK8ZKGSubdaemaWrNXokjfxRDkszo5X3ZnTZdamvgPooM1KKjVtFvUMhc,True,0.542021013,0.0051492,0.001626064,95,30,5e-06,0.00015,0.0,0.00203928,0.0,-0.550990557,1
2WjCXUCPHnnN264a3M51THefY7Uy9eB1bY7YFRZ75mr9XS9eLVcszKt5SMFsC8r3waHttVGuYy7jSvavYRzzPvR2,False,0.295437784,0.002806659,0.000886314,95,30,5e-06,9.401999999999999e-06,0.0,0.0,0.0009999999999999454,0.290730409,1
5qHxPzB1u6J2MyXLpqYXm3dB9XQtPZwyhuR1XSN4pQyVGewzFTNX48oC8yPKrF24fmyUbqZV1KSqhJjjTWzbWabb,True,1.916149208,0.018203418,0.005748448,95,30,5e-06,0.0,0.0,0.00151384,-1.944619914,0.003,1
2Ccn1tKQrRzoVY6MPHH5vndx6Boj29QrpbkQ26xLB3hNbGFtMnXaWsLPpWNuujivSwGDGzncDFMkTbX9ZCjiTTMx,False,0.007698109,7.3133e-05,2.3095e-05,95,30,5e-06,0.000250002,0.0,0.0,0.0,0.007346879,1
fg68k36X9aj7z6CeWFcpWGYZjraiTxWKEiwx3nsYuMC52Wv7Z4bgEDCRcXmoEBJ3brBbTBneqvBwZthcSNiX3Cb,True,0.002186511,2.0772e-05,6.56e-06,95,30,1e-05,2.7999999999998715e-08,0.0,0.00757936,0.0016865599999999984,-0.011489791,2
5HjmwHTgHqKFfKKVDK3keug5XFpQ8EPRMsAWQ2o8CnPuxhYhTguXqzdPVUcPpvpKXmQp54vYrEwETSv3dDjxDeZB,False,0.311531601,0.002959551,0.000934595,95,30,5e-06,9.999999999999999e-06,0.0,0.0,5.001000000004474e-06,0.307617454,1
5kUKberVpD92AMjTQmwoVVJonMLjKTNiw9ocNc1T7tXACFhVkoGRaXxjtZWmK5DeMZhhjNRButiTxG7NaD2Epe7n,True,0.57076007,0.005422221,0.001712281,95,30,5e-06,0.000115,0.0,0.00151384,1.1102230246251565e-16,-0.579528412,1
66ZDUCQfLo7RyUW862iyR26PFK8K8a5rhCDXrBxS5SkMSpFfKYfjU7hqxQWLZzriya8z3ey65R3h1RpfnbJP4nYz,True,0.0,4.185e-06,1.322e-06,95,30,5e-06,0.00023126699999999998,0.0,0.0061214,0.009606053,-0.015969227,1
3QHu1QvWGre38AS7WrZ7YAhqGdVSBuqxyQ3GR4zMcRoaRNR7ahZ61rqD2FsuQvMEqoZRBD7GbCM2iLjvoZhcdd64,False,0.358571051,0.003406425,0.001075714,95,30,5e-06,9.421e-06,0.0,0.0,0.0010000000000000009,0.353074491,1
4p2DBWGhnGf3csWbNoZerRa2PdvxzWSWZb2ZuKmaTagxgjEv5hf2w7H7LCfkcFL265XwHMGnpDDKthPHiA432n91,True,0.039645079,0.000376629,0.000118936,95,30,5e-06,0.00019999999999999998,0.0,0.0,0.0,-0.040345644,1
5B37Qc3nLqbLx8QijjUp2dkzTn9ghTGy9NDqkBncqYstvxTtbFjbTpeBXoarv5Eu7tUuoV6ytPwiYp77SGHTknAP,False,0.969507196,0.009210319,0.002908522,95,30,5e-06,1.8e-05,0.0,0.0,-0.0004884400000000344,0.957853795,1
5VZYW7nfGepUGz45AVpZz2YuRcCxgzCQCjyQjRDKiHrxo6ULxxRMuxXkQzKiT879rjwDB8npmE2k3USJzSYZKAyh,False,0.002435929,2.3142e-05,7.308e-06,95,30,5e-06,8.999999999999999e-06,0.0,0.0,-4.336808689942018e-19,0.002391479,1
2VgS4xDFmFyjv2ct4qBA62uVF7CedoLm9BSH1GkEtR1AvCCLJqZ3kWACtRHiQLXEoabVFiTsgUEc2vVViWhqisSs,False,0.479952785,0.004559552,0.001439859,95,30,1e-05,6.469e-05,0.0,0.0,-0.0014138399999999995,0.475292524,2
4VRRxqURnb6nycjvFLfn9QpcXf6uxbiNWhEdMBhpzAaGh3KcL9Cubfo5ogpa1GpMZegp1JaHwoVHtbXrfcyuoF9A,False,1.055046551,0.010022943,0.00316514,95,30,5e-06,0.000109045,0.0,0.0,0.001000000000000112,1.040744423,1
3dDHbNkygmDaochZwVxo41nevQUA6v5JuxEG8RKevjHR6Be8ATh7B5Zau99zWdLQZgdh7hakpZJvRSFEjncJL8Di,False,0.99483305,0.009450914,0.0029845,95,30,5e-06,5.9999999999999995e-05,0.0,0.0,-0.0020392799999999767,0.984371916,1
2iuTGn2kb8YzQMRZz1ANkB4yTcw7KNQBUaiF3M5Wcc3EcsJAUfMtm7zTN7ErcJf8hWVWuULxGuYKkCb8dRNWaLZ8,False,0.719182304,0.006832232,0.002157547,95,30,5e-06,0.00011,0.0,0.0,0.00010000000000010001,0.709977525,1
59nAMhCejkkKvy7KjSbeThwZQH9czdYkJH3RkDemcHKL6S39bR5uU8wM3Loz67Am1ADbSPh91iRW6AKdiAfADHuC,False,0.226732107,0.002153956,0.000680197,95,30,5e-06,5e-05,0.0,0.0,-0.0018392800000000264,0.225682234,1
52eyahUxGsBw8A6YDcm95raeoNLEXTeZ3CcHpz4WXqrcLDGPHoh9B7hzSncUjd57JFcbexgrRtyi14xDTu7XLguj,False,0.336324908,0.003195087,0.001008975,95,30,5e-06,9.999999999999999e-06,0.0,0.0,5.001000000004474e-06,0.332100845,1
2kADVBKNAwJVWLgSK2YiF8GSgsp9j8QX8nSWrhA4VzBMhhHYhwxqYz64Bf8sjHVdwZgfhiVtq6nxKqRH3jNNV2MC,True,0.01813046,0.00017224,5.4392e-05,95,30,5e-06,0.000629658,0.0,0.00148844,-0.0004554500000000031,-0.02002474,1
2p7GzJSzw81p6pGJAXWSfRNXxw8cnmuTnYg7wCymjKJxYwGDi5K3e7meEbuy8NLRRrodGu8DGESELhbbDJA5cSyw,False,0.794029239,0.007543278,0.002382088,95,30,5e-06,0.000750001,0.0,0.0,0.0010999999999998789,0.782248872,1
4pbPA1ao82V29fuMEYsF1DjKg1FoM48zW1bEHew23QuSGvSKE3X96R6CTQ5BsVYcqBKELmqZ6Q8Le7z6avXvrHwJ,False,2.346859345,0.022295164,0.007040579,95,30,5e-06,0.0011,0.0,0.0,0.0,2.316418602,1
2Zs7swyV2attdnnm9YDn2JsGf3sfTJ53GytkJnGrrf6EQQNNqqqNiugWoLUoaYwCVhYAhGNT4uvzJz44aDBheXkB,True,0.0,0.000237757,7.5082e-05,95,30,5e-06,0.0005,0.0,0.00300228,1.1781150519999999,-1.181935171,1
3z7HVcgYNNdUaUcKYAWhWhdesa8Z1Us1XtzXwbC4zfXGAySyncdoZdds9mgo78pfopLPW6fg5JDdnBm8t5ma5uD,False,0.002830189,2.6887e-05,8.491e-06,95,30,5e-06,1.3999999999999358e-08,0.0,0.0,-0.0028600399999999995,0.005649837,1
zodqRrcf9DmutE6Jy6quyH4moAmwQG2GFf38BcffuddvwZs8DFQ9bePNHrKzrnGHqunB14nkaJdXNAoYGobPQhd,True,0.297781497,0.002828925,0.000893345,95,30,5e-06,5e-05,0.0,0.00300228,-0.0014884400000000908,-0.303072607,1
5eDn88ys9C1aRXDfTRpgEbvdyeXUoCkh1rUJNozK13XSVUTq7kTrJ81MNesci8H2htmd4hPsKLYPVNaNhPJVP3Bk,False,0.014110247,0.000134048,4.2331e-05,95,30,1e-05,3.3853e-05,0.0,0.00148844,-0.0014187710000000027,0.013820346,2
52oRiUsdUtQmq9bMgzybAw3kxk92JXsqiVLAczsxYemX994UrxSDNHpnbZPx5Wvu9ZMNB65pgGT6W56q5Lepn1Yj,True,0.543209876,0.005160494,0.00162963,95,30,5e-06,8.1e-06,0.0,0.00203928,0.0010000000000000009,-0.55305238,1
5sapRrM5qmtwYHP1TwS9qrkFRtMNvbvxz5TVN46pebTP9CL9Hsz59KkT5DhLD6t2ijvKX4RpRYqDyTp5BfjBKzyY,True,0.0,0.000188691,5.9587e-05,95,30,5e-06,0.0005,0.0,0.00148844,0.936357722,-0.93859944,1
6b7YNk7NDbT3ScgmC7gbAUbSzN9EoSmbFKqraG7JVb1yMRPYMcrrtXLa2toFPWV9V6dSNPGGzQZYnTMHWTykmK5,False,0.107009869,0.001016594,0.00032103,95,30,5e-06,0.0006148,0.0,0.0,0.0011161859999999912,0.103936259,1
rhsEKJwVUaiLJ6vYvao8UbBUeunzHq4GMkFKigPt3EgXkGQ3jmZF6Euh8WudqnkmWr6gQC4tWgVK3xD9FamaUdA,False,0.040843775,0.000388016,0.000122532,95,30,5e-06,2.93e-05,0.0,0.0,0.0,0.040298927,1
2ZXQqpPu5J1gc8CHL8sU5be1yAs2en8cuwaRUsTiPc1htfhd89wCerWi5y4H5Cj8UiPuh4aZB2e59iqkQqwwpwGB,True,0.092386603,0.000877673,0.00027716,95,30,5e-06,2.5e-05,6.5e-05,0.00151384,1.0000000000010001e-05,-0.095160276,1
4AmkevKjQcsMgX23ca773somdWvmhpnms4oppb9T5znHeL6TZobJa6KBBJsaR1coXNW1u3j4tkJkEPvGeFonshY4,True,0.004938271,4.6914e-05,1.4815e-05,95,30,5e-06,6.5616e-05,0.0,0.00151384,0.00010000000000000026,-0.006684456,1
xR68HRF11jjgpqHqneGUTuVQuERGBRQ1QTgyvcqNmCcfH6UNAMJjRp3M79hcRsFGLEULi7VdE9rvPYY4wG7JMHm,False,0.013689274,0.000130049,4.1068e-05,95,30,1e-05,8.737400000000001e-05,0.0,0.00148844,-0.0014208500000000013,0.013353193,2
271gRG8tdtHbyn4pREAtWnCYy862qrmNyuUrifpn1ercmznzJyWCdJc9GrgJBhPxHTgz1579rY78LuS75oRfQHiC,False,1.602923131,0.01522777,0.00480877,95,30,5e-06,0.0001,0.0,0.0,0.015928865000000014,1.566852726,1
G9XvYU4KfpTHncjZHqDKi413f7wkY4KYaqY8pqnY75Xm1U8Zzv8Gh4shL35rVWsESTX2pWaDiqW3vDHP3qAiN8A,False,0.142048671,0.001349463,0.000426147,95,30,5e-06,0.00023999999999999998,0.0,0.0,-0.0015088400000000113,0.141536901,1
5mgyYrz6TWJPe6bRXbQHDzoyjKbBAHKRNWhYTWv77WakzsQN7Y15DSqL57XSYyoXYL3yXoUaV8uNBsEFeuqPuKsf,True,0.002033073,1.9315e-05,6.1e-06,95,30,1e-05,2.7999999999998715e-08,0.0,0.00757936,0.0017272,-0.011375076,2
1FkUPDre5emt5k9yJ9QMY5yXWVPQBuYQZxeyoFAnW67H1VBdUfD4HdLEbzKeDFaWWT2tM93ZefscGrydRUS7grL,True,0.003431158,3.2597e-05,1.0294e-05,95,30,5e-06,1.9999999999993032e-09,0.0,0.0,-4.336808689942018e-19,-0.003479051,1
4Bp7qhaG4MtNovNbDtKVfxtoBtyV94F29aLJJrPDJFjFtYnC11QN47pJixDqJgJduZQmfVFAX2ekGpVyhUi6RpTL,False,0.229899403,0.002184045,0.0,95,0,5e-06,5.9999999999999995e-05,0.0,0.0,0.0008896989999999938,0.226760659,1
4W9bqixQhcDPzSY4pLNQFJaSyp77eFJyeMp78kAf1YK1XRNjgWWR85dS9trJytjZUcDErXfF4jJ5LspaFY3GyLay,False,0.092866693,0.000882234,0.000278601,95,30,5e-06,9.999999999999997e-07,0.0,0.0,9.999999999998899e-05,0.091599858,1
46kAQ2XzodvxBfK2qgn6ogmC9o6J13CCJNaSPKq3qXERqRyxEgLaQ3piVWoedLu8E7zMpj8AW2EJQu8xAQc1Byim,False,0.005664617,5.3814e-05,1.6994e-05,95,30,5e-06,8.075e-06,0.0,0.0,-8.673617379884035e-19,0.005580734,1
tWMbYASxJo2ueqYMuDHnDxrLC3Dwb6bWiDoujQzqWxyWK3udYHcvtuVA2uru7kpUVYuUBu9o4mWaCbJ8vDSGGpT,False,0.335566721,0.003187884,0.001006701,95,30,5e-06,9.430999999999998e-06,0.0,0.0,0.0010000000000000564,0.330357705,1
4DbVd9BdUdZ6BRCYiSBhSd1PVhiWfgPvJu1EsdtWxp8fMnzR5DARmrgHzJkVAPmFurCC7aJf76YpvQxukKYKRy9K,False,0.244851897,0.002326094,0.000734556,95,30,5e-06,0.000103775,0.0,0.0,0.0010000000000000009,0.240682472,1
e4eu9GpfTW2wHwcSvH5xfTyacfr6iku3YvXbducMpSdn33JYGM7AAzQp82pkeHYFdt369US1B2EBZA22TMCqDtP,False,1.611388184,0.015308188,0.004834165,95,30,5e-06,3.1469999999999997e-06,0.0,0.0,0.0009999999999998899,1.590237684,1
4L42zWCikEC9kDohVH7xFFZB96XYk7e8VGMKmkhaa5LCJVZT42zwzdBRB4z3nUSsn2SynoueSbm3sAHbGHw8PkuK,True,0.009876542,9.3828e-05,2.963e-05,95,30,5e-06,8.999999999999999e-08,0.0,0.0,0.0,-0.01000509,1
xnvo4HN1EksR7A6Cc9k1sufYc96D4hyKYDUDYmVKbrVBPeB9tpU2RW2hAQpp8krvznShKW1u9NLs8vrYUk8WqKU,False,0.495056984,0.004703042,0.001485171,95,30,5e-06,0.002,0.0,0.0,0.0020000000000000018,0.484863771,1
5VGW9TZFJQTdLoJGyJ4yyZHymo57MbNtXoiD9GAK1RF7JytajaGcPbznq6814vp3VQJKveUKsRVb66FaJmt5Wygq,False,0.001067218,1.0139e-05,3.202e-06,95,30,5e-06,8.999999999999999e-06,0.0,0.0,0.0,0.001039877,1
4pTZuBfD3VuStkPJVFW2Niiz9mxDs8S1ixGyzixQ51rVQWi7A3hdrFT7RYhB13aAXbp1839kwLA5b4sFt1qdZuun,True,0.0,0.000570183,3.001e-05,95,5,5e-06,0.0089,0.0,0.00203928,0.0004998069999999997,-0.01204428,1
5TCsw4pPdLA4KsEhLYts78LNfD4e6EmoqnjywzZbwjyu7rX8eEBEWNziohpMVZp3L5w2vL7udXeZc3N3ZQBupdZT,True,0.098765431,0.000938272,0.000296297,95,30,5e-06,2.0777e-05,0.0,0.00300228,-0.0014884400000000075,-0.101539617,1
QTXoCoFeqJYHYgnZQUCoubcf1WruWGYEnr1KtzEvgodPvjL47kgRVfmMU2nY55Fgq4Sso5NQGJknxrhfUPWxY8u,False,1.792166878,0.017025586,0.005376501,95,30,5e-06,0.0005,0.0,0.0,-0.0018392799999999987,1.771099071,1
4dBzKL9oJqPwf2y5Wz2BiBUmeUmu33z524RTrnx922qBY7PerMujhPrnbEaKQLwCLcMkzBDHPZUPXgvseDmKpzx,True,0.097777777,0.000928889,0.000293334,95,30,5e-06,5e-05,0.0,0.00151384,0.0010100000000000109,-0.10157884,1
4ErSgs9Gb2WSuTYUf6vChUnnP5UahYPurS5ZVcBg8EeohFvHYhJt9QAWq3F2PAXWAiKwFwFcA5w14U1FoyY7ZH1G,True,0.001953742,1.8561e-05,5.862e-06,95,30,5e-06,1.1500000000000002e-05,0.0,0.0,0.0,-0.001994665,1
5aPBjc5MWoxy8ZJiuazAc2X5rEDEK1XF78hQLdHzkfZZc4m5N1NM5mweYHGgKeAJNJNkJSu53S6KNuCLxoUAGZpR,False,2.755050232,0.026172978,0.008265151,95,30,5e-06,0.0001,0.0,0.0,-0.0019392800000002097,2.722446383,1
2SpEu7GXE17gS8uH7PQVWaHFAZJYdVAMruJJAyDtgcmpnEGW7Hf5SuSUy5TwwmFwtS5rPCtwF1t6FseGT25GjCFM,False,0.086757421,0.000824196,0.000260273,95,30,5e-06,0.0001,0.0,0.0,0.0009567290000000034,0.084611223,1
uSQSNLCuQMqD4zUMyn5UWEUps6vQ7hgRdCZreVnLtg9mii5RjSFHWTj1TCd1ftikiha9EzfzkrwDBrtX1XDcqdd,False,0.15174134,0.001441543,0.000455225,95,30,5e-06,2.9440999999999998e-05,0.0,0.0,0.0010000000000000009,0.148810131,1
3RiGgBDE2KNPFc5jjyuhuR9WP6vFp2PotjSruBu1mgTPmLaLzVr9jpNnLUpvrnUjEAAjt5LQkN6L7GYoLu2HLadY,False,0.183297035,0.001741322,0.000549892,95,30,5e-06,8e-05,0.0,0.0,0.0,0.180920821,1
5RpUpK55oAMEtWNb77ijkrrouJoM8UGyKTHy7Gqu6qckuidqJfw87vKaRAZ7ToZUFbYGZTpwnkGsCGFf4pnRhtWc,False,0.094039867,0.000893379,0.00028212,95,30,5e-06,7.999999999999998e-06,0.0,0.0,-0.0014838400000000002,0.094335208,1
3WZaoqic6yD8Qy5E9KCSSqPLuoF7yAG4Bjwujc9wZKmFEyShakN9dyYRsL5pJhrEXKzATpXWZCFprn51f9rQELhx,False,0.000880396,8.364e-06,2.642e-06,95,30,5e-06,8.999999999999999e-06,0.0,0.0,-1.0842021724855044e-19,0.00085539,1
4A1rHEvMkUuJDGBVY7rcfqK1uYetdd3FFcZ9e1Uu2rvQRtiUuJXU6vYZoMNU1KjqRM8iH9dLo6dXDd2aL6jMwDam,False,0.933405569,0.008867353,0.002800217,95,30,5e-06,0.000258948,0.0,0.0,0.010217379000000082,0.911256672,1
4aoDoEsrS6qZDJPC9LJDDcH8cj3Wk5dKszae2TMvEXVsQhc3vubP9FqTY9kQXBNw9uDVpkcEBTkyCarBrJoySQbm,False,0.387978783,0.003685799,0.001163937,95,30,5e-06,1.7099999999999972e-07,0.0,0.00213868,0.38164060699999997,-0.000655411,1
49oqEFEq9reMKAcjdaephP1o3j5mZuizVosyka89Lp1j3hHMqNTSxvFfu4ntyPVaHUnxDXSuR4auzyR9CuEGN1KZ,False,0.115062885,0.001093098,0.000345189,95,30,5e-06,1.259999999999993e-07,0.0,0.0,0.001993037000000017,0.111626435,1
Zzz6XdTBhWvK22tdVPthAVZekuBTj6jWxnE7HBSBxsLb5FgH8UBDwoxZuhRxXU32JMMryaMxvgcuvqnqPDDomyt,True,0.321603682,0.003055235,0.000964812,95,30,5e-06,5e-05,0.0,0.00148844,-0.0014884400000000353,-0.325678729,1
4P1boyHyN5obukjdggw69xxHpX1DfusQGq8SDnj728Jpg74Yd6kMhZo42jnrsAJLit14TKMRhMKdARmBbWRanJwB,True,1.702286626,0.016171723,0.00510686,95,30,5e-06,5e-05,0.0,0.0028600400000000003,0.0,-1.726480249,1
jozP4QMs2douSMzQ4eDiZdTgP4EpkknVssYWEpnRpMxCoSfZdB6MCoubKNMec3eZEDyfbuTtUoU8154fzNF55of,False,0.007464433,7.0913e-05,2.2394e-05,95,30,5e-06,6.4e-05,0.0,0.0,8.673617379884035e-19,0.007302126,1
gzVc9jCoRWSaLVyoWhNgRUoDfYPAw3LT6NZ46s2Sa3wQugtKdjzKApxdNicc8zFk9VT347rPRVnDFHE8xDU6uLn,False,0.000874636,8.31e-06,2.624e-06,95,30,5e-06,8.999999999999999e-06,0.0,0.0,0.0,0.000849702,1
35ViNFx26ZbsGTzi8BgwpZq72r3cNEYghRohw43hqpAgsxNFgcbXzhipda3boefkXxj7swkiGeshj7dkmnWbHCGQ,True,0.3006766,0.002856428,0.00090203,95,30,5e-06,8.511999999999999e-06,0.0,0.0,0.0009999999999999454,-0.30544857,1
5WyUhyyGTZPoATt6V3ipCvmMCSaSYE8WG3EZRrz6eQD6RQbf2T6pJqXtzSi6paC8Jun6W4wHuJXecUQk4QuSxZxp,True,1.00140022,0.009513303,0.003004201,95,30,5e-06,0.00012649999999999998,0.0,0.0,0.0010999999999998789,-1.015149224,1
3mKaffB9BWGmJrP6i6mSGvEd5vdksaYRCwKzemHNtganQcPZXbyp7agKdo1WdeQztKdT6kNAeULJ7yYUranwFwE7,True,0.100916126,0.000958704,0.000302749,95,30,5e-06,0.00018749999999999998,0.0,0.00151384,5.0000000000050004e-06,-0.103888919,1
4LEMw4dEXb4bk3f8SZg5mhkBYgvzMgnKgza5KRSK67JAu4Q4TyLs3zySnuwsQ5SzqgXgrMn68MrQ3oeYDbSh1ijR,True,0.235462901,0.002236898,0.000706389,95,30,5e-06,8.506e-06,0.0,0.0,0.0010000000000000009,-0.239419694,1
Y9s2J9bf1UPRjcU9MbNb5UejQu2Dx9sYHqsiCNVUysNu6jin5aBRp1X1NWSasSfGnEZ5AomjF3tMdyoqBqEj8hP,False,0.0,1.684300772,2.482127453,95,140,5e-06,1.259999999999993e-07,0.0,0.0,-4.166020480999999,-0.00041287,1
5DiJ7ffSt7eUJNZ8e5oMKeaNT48K7jKcPJpxvVzg1hYvunoDDboYdP4WW5QKnyAyahDerhjCKXBt3P5LSbg5JLEU,False,0.287898973,0.002735041,0.000863697,95,30,5e-06,5.699999999999999e-06,0.0,0.0,0.0002300000000000635,0.284059535,1
2u6SgnxPs9GqeN2ymSemnVAKd7L2wzp4tg9Tno322im1wHhwWyWoQJp3ukjcPu8vMf48JQdnoEqBPywqZ5LsfBy5,False,0.090220264,0.000857093,0.000270661,95,30,5e-06,0.001,0.001,0.0,-1.3877787807814457e-17,0.08708751,1
3K9tfp92YE1qMqse6uoFGkR2R9EZmQC4TTFEb8ayZuMxwQr1fy5ogwjS3Y4rt3pYdU7UzHcxZuWiizAmSsLhwopP,True,0.005558609,5.2807e-05,1.6676e-05,95,30,5e-06,8e-05,0.0,0.00203928,9.99999999999994e-05,-0.007852372,1
2BKFdGaLQMSuoWGGTba2KQihqcySzeZv95mbvK7jXQondUi9FWBwFfoSpD9M6bumL8Z6jpaLikvMzCUBt5oes1as,True,0.787292604,0.00747928,0.002361878,95,30,5e-06,0.000118888,0.0,0.0,0.0016000000000000458,-0.79885765,1
53FmZiDusA11Swx6HnuwESaWdx3YA2AxuX6CyDj54ZJ7CQQTMs9fqdkRhszvLhXomXtRkGovF5btmyM6eSPW4gfh,False,0.020065747,0.000190625,6.0198e-05,95,30,5e-06,0.00020596299999999998,0.0,0.0,0.00010032799999999675,0.019503633,1
5XtdJGpf7iPVtzv2tuQ6kq2TSnfwAG8hf933AodaF7qZmgHwMu55s154KA2jnGu4TxQLH8NEddqPZgvaaWYyFGh9,True,1.97530864,0.018765433,0.005925926,95,30,1e-05,2.1464000000000003e-05,0.0,0.00757936,0.0015849600000001907,-2.009195783,2
2551dH1u9WR5GfF1jeWgo3cexrGFZujtJnDMEbAQxu7penc54Se9NaiGDWuZdGi91KWqj1QasfMASfTSXeoFiPMf,True,0.002181522,2.0725e-05,6.545e-06,95,30,5e-06,1.1500000000000002e-05,0.0,0.0,0.0,-0.002225292,1
3Y5okUt2JMSfkietCUs4jYxqmMNwkcFDqrwVVX2supVyMBcpi4dnipysQvz4bFoAb8vhGdn2B2jTquTUq2V747W4,False,0.142647459,0.001355151,0.000427943,95,30,5e-06,2.9387999999999997e-05,0.0,0.0,0.0010000000000000009,0.139829977,1
2mzF6U483Qw9VNtEyNSEeoTBzD59aSfcCPVSAbrr8iDC49gEeJq5J5dm6uWLRpijsZ1dnWTTVBeca2NsoS9vRkS5,False,0.044657214,0.000424244,0.000133972,95,30,5e-06,0.00023999999999999998,0.0,0.0,-0.0015088400000000043,0.045362838,1
5ZqjijVjQKbbWaW3qPw2Wr9zMMiQNy5JJ9TQTWcyZXxMZCMAGmHqzBLwFWFY8UgTdAi3LGUZxbTUgpL6VETW5QHy,False,0.163507031,0.001553317,0.000490522,95,30,5e-06,0.0001,0.0,0.0,0.001714631000000022,0.159643561,1
5SRhn4L9QzQhWJRLcegqUDvph812mq8QPbdnJYKpAdsWBMU3JkwuXURVLFccR1MTrmtnjPS1DumzPXX489ZHd5ni,True,0.18769794,0.001783131,0.000563094,95,30,5e-06,3.7523e-05,0.0,0.0,0.0,-0.190086688,1
4JrdpB1ZTSgwhQkV5sNwyCgKgfrubpExnLR3wXAJMBpTKU7MdG7LRLtTpWVH3ZotqxCmEkLagv4BFjNvqru2SSkF,False,0.375991931,0.003571924,0.001127976,95,30,5e-06,1.259999999999993e-07,0.0,0.0,0.0019092039999999977,0.369377701,1
4tWwaJWmncawgf2u87EXFugCtvxYwmRi4MPQsjHajfCesLusi35rC8QpPdRGtUyBTfS3MUqyq6sR3ywhgYh5ZYUA,True,0.069135801,0.000656791,0.000207408,95,30,5e-06,8.5e-06,0.0,0.00151384,0.0,-0.07152734,1
4nJecfsve3tgFkGXe3NhmPDUty7VpduD8Ku8kzjXJhKXSPY3pjj5g2M9yY5XTmVCH6tA386oQ9oH72UWWT9CJaTi,True,0.874472178,0.008307486,0.002623417,95,30,5e-06,0.00017632299999999999,0.0,0.00203928,0.00016012300000012303,-0.887783807,1
62FXgGM5j2xzCtESLM6WmY7Wba5xTx8NTduMMsbr2QnS6vpDYGtvc97ZbHs89H1S9LSBhU5GeiNwQTaemxNMRdr4,False,0.334085837,0.003173816,0.001002258,95,30,5e-06,0.0007,0.0,0.0,0.0010000000000000009,0.328204763,1
3q3xa3npiy5vnq2KbbbrVE6BCEN6oCDHU2uXTmtJYiqoz3Dg2hPCqMguMFRh4mB7Qs1PpCTq5jzRVXtAFGcDQqFa,True,0.098765431,0.000938272,0.000296297,95,30,5e-06,0.0005,0.0,0.00151384,0.0014999999999999875,-0.10351884,1
yEUQBr45FWmBQE8zwgboTS22DNygTduCJrncathASbm8nC5k6iwXFB7vaWirygp5zSwRisGEygL8kCk9LujMPNi,True,0.127349632,0.001209822,0.000382049,95,30,5e-06,2.5e-05,6.5e-05,0.00151384,1.0000000000010001e-05,-0.130560343,1
5VGGVn7aS52yc7K28QFmTRjwVw9mDdzM89R6uRSp8Hg8DP5Hwei5rVDdn5bUKrBTs8JgBtM7c213ZBL6qxUo2ePj,False,0.003622153,3.4411e-05,1.0867e-05,95,30,5e-06,8.075e-06,0.0,0.0,1.0109999999999807e-05,0.00355369,1
3qXoEDBCUxu1nHAu4GQyQZNdfgLYvUwPG3QEPypsFdinwsJAiLF2o3nSJAb1tdJMUxVi3ChCrMLUvi98HSzA77bZ,False,0.809217369,0.007687566,0.002427653,95,30,5e-06,0.0003,0.0,0.0,-0.0015138400000000996,0.80031099,1
4ncXXmq2sY3qv2nmZzVWYwbTRNEvCSK5d7tS48ZRuwgGk9uKdefmH19nQbYMEmtRPZVAHSo5J3VxZyB8sbReizty,True,0.096935477,0.000920888,0.000290807,95,30,5e-06,3.7654e-05,0.0,0.0,-1.3877787807814457e-17,-0.098189826,1
3bNoJF9WFRBKwJNWW5Qs8owvLxRZQvHSk9iE3EMB5uaC9oiGnMUoQBU8Va9MTSYVdunRXfVDHmi7zacCseoV8BDD,False,0.256644378,0.002438122,0.000769934,95,30,5e-06,9.9e-06,0.0,0.0,0.0,0.253421422,1
5V1RNmScXaLyTkNMaVj5QF41bGBNAH7heFnV56TjbqrUPbPWMFZhTRy46NdHYMUsd3DYN2MEW8Y7Y6HbhtBFXjCR,False,0.392427125,0.003728058,0.001177282,95,30,5e-06,1.259999999999993e-07,0.0,0.0,0.0019799169999999977,0.385536742,1
gg7rxoTa41fmCsB6moeUEP5i4pNK2u3sLyT668NnVWfUXkdg2nLSmkUrno8wHj5Uoaj8AzXq9qsq3yZV8TjjHRp,True,0.244444443,0.002322223,0.000733334,95,30,5e-06,0.015,0.0,0.0,0.017500000000000016,-0.280005,1
VRBpuQt2VGFodmWKJUL83xxqb2gDTwRpyLSZByr5AzbTd32PY6MKmhJwvGXLuT2QrDsEGhyoD3Bfakved874EeS,True,0.315369853,0.002996014,0.00094611,95,30,5e-06,8.511e-06,0.0,0.0,0.0010000000000000009,-0.320325488,1
2D79keFEbziJNx7GmccXTRkG3X8VE3xk2chGYoD5Q7UJAycnfDdVteVGMYTxEUfWPW2a9ecfJU2kAMRrDugGR66Y,True,0.002369268,2.2509e-05,7.108e-06,95,30,5e-06,1.1500000000000002e-05,0.0,0.0028600400000000003,0.0,-0.005275425,1
3F2Dq9JyDnoFKZv866SbjaR2ThmdiSM3Y7Y2rrLT6rTC4nAHgCYuRrCY1iq94S7CC7WeDCXX6jKYXVGgnSziEHNF,False,0.124877215,0.001186334,0.000374632,95,30,1e-05,6.418e-06,0.0,0.00148844,-0.001241807999999997,0.123053199,2
3E3pUChucUzdj2q33ys5ixB8AhcjTh3Fu5qK7WbaR2qG6yKAuR6sXw1jmEJ66KJthTKf1twrEWUy3RzrSpN7cCFQ,True,1.777777777,0.016888889,0.005333334,95,30,5e-06,0.0051,0.0,0.00203928,0.0020999999999999908,-1.80924428,1
2otBCmsgXN5ytadm1dpEAv3txvsbGPtpG7geCafmqgU9Z7hBaAsvfJtLshJtCtFUjcii2WWqEyyF61A4fkbgJAfB,True,0.306172839,0.002908642,0.000918519,95,30,5e-06,3.2203e-05,0.0,0.0028600400000000003,0.00930000000000003,-0.322197243,1
GDJ6atR5icdfbk1kRNrYfQs9G2MrB2eQFaeKjuPQdfZA6XRWfa5yRk6awx5tqSR56uufQ23USWqbarUGgZrs6KZ,True,0.002799953,2.66e-05,8.4e-06,95,30,1e-05,2.8999999999999214e-08,0.0,0.00757936,0.0017272,-0.012151542,2
f5m6CFXFPFbZctCkHEo7uZMWJFaaSeAzvjH7ihJR5DBcEwXoyBzV5qLPo48SUtc126KEH97XagrNXPRjFBRKk4z,False,6.14e-07,6e-09,2e-09,95,30,5e-06,9.999999999999997e-07,0.0,0.0,-0.00151384,0.001508446,1
4wTXYYYb3RzMLWFGBEPrrfsLMwsQkACknDgd6Kdq2j6UmV9aMH4zx2UaWk4SZ5hXUyqoonys2zBSKNT7m8yjYhhR,False,0.0691358,0.000656791,0.000207408,95,30,5e-06,0.0001515,0.0,0.0,0.0,0.068115101,1
4ZJcXdj5wekZHGUJdy5yszi4dhXvQX8E65QjkAzXJCwdS6bafGoNqriw34pSuoLR4nqTcKZc8WH4f3quJednRHJQ,True,0.059259259,0.000562963,0.000177778,95,30,5e-06,9.999999999999999e-06,0.0,0.00151384,-6.938893903907228e-18,-0.06152884,1
3w4Kuav18PXsJ3bQReaPf6NJd8c3pzmatkp3y6hWmQh6JYUyxWTp3ge1PpWiKRNCwdV8Gz3zTyMZRy4ds7WiQY4q,True,0.552595932,0.005249662,0.001657788,95,30,1e-05,8.9847e-05,0.0,0.00151384,4.999999999921734e-06,-0.561122069,2
5QqXcSXP5NmbNobVLfBNxfMMy6oaANxAGRcqjDpoAb2LhQeTzWWucjcUU9UsmYkRp5HEkBVH7p5XX9Hpsvc772x4,False,0.276360116,0.002625422,0.000829081,95,30,5e-06,0.0009,0.0,0.0,0.0010000000000000009,0.271000613,1
3VUk2Px5svwiFg8a3LDBindjU7vB52XDCjizuVb5v6utSGeUCEB8fGqLmMcJigj31v9p8NEyXDuNzaGZ4RxMSN5j,True,0.271633751,0.002580521,0.000814902,95,30,5e-06,8.823e-06,0.0,0.0,0.0010000000000000009,-0.276042997,1
5zts96u1Q4qVKeYWJc5Bo3KLaKLRccCCMhcCzzntsN9VFRzLeZdoMKfmwYY8tj9fbL84YSEoDgFjtF7d69YUxUr1,False,0.68553715,0.006512603,0.002056612,95,30,5e-06,0.00011,0.0,0.0,0.00010000000000010001,0.676752935,1
24zr6HZ4gc9ZwYAggg5MZfpBXW3Cb8c8hCRZYigdajeuapfFkeW16e9ruNzJDbweKWSUrM9NGCRLA2vPoDYjdZc2,True,2.038388541,0.019364692,0.006115166,95,30,5e-06,1.5499999999999936e-07,0.0,0.00300228,-2.0660070810000004,-0.000868753,1
9m9TMzNSgwgqE5mmvMCSb1Zzd4qS8F5ZwMKA2xC5zRLNqWt3UqNec8uPQFhuYjsa8R2rBGQfXZV871gY4dKSQTf,True,1.382716048,0.013135803,0.004148149,95,30,5e-06,0.0031995590000000003,0.0,0.00151384,0.0239999999999998,-1.428718399,1
3fp2G2tdVKxEUmCtyug3Vax5PPECy6EPcjDkvX8nXmVq65vfAmx5tQPCzTteLoxC27GWxhBAuXvj9G6bkkbQLmT8,False,0.78840607,0.007489858,0.002365219,95,30,1e-05,1.1112e-05,0.0,0.0,-0.0014138399999999995,0.779943721,2
SN7iZZq8PsLj26r9FYtt9PNNiwveMYbNma3pkWCAP7jynPoFyXDJRBod8zgxMRfxFpScZnHbNvM3bgJjRYo9jtK,True,0.077809697,0.000739193,0.00023343,95,30,5e-06,9.999999999999997e-07,0.0,0.00151384,0.000999999999999987,-0.08130216,1
618xYYsaGCFVoEUVm6bDDQkCNjHGXmxtzG6K3wD8QUA8dHmFdAAh8vQWCjUvcNYwRxMLwc41KykMQRdwoj5oiqPC,True,0.159463389,0.001514903,0.000478391,95,30,5e-06,1.5499999999999936e-07,0.0,0.00300228,-0.16359536500000002,-0.000868753,1
2i2bdNJcWZCASa562ov8pCrmvgQF9qTZDhM2ESPToysM88VtVVVvXkrq8qNMnD4meNCMGk1LyuEp9sgVJdtfVJxC,False,0.273919342,0.002602234,0.000821759,95,30,5e-06,1.259999999999993e-07,0.0,0.0,-0.0003578379999999992,0.270848061,1
V8ZMJtw3rBYWJe1ERL2LzkinLLrQX6VMapqrvLgXsd3QM2tWuz9iZyv2tB6UMhjMNuH1iWQ2oX6FnFX4K6BzLSD,True,0.001000001,9.501e-06,3.001e-06,95,30,5e-06,0.00019999999999999998,0.0,0.00151384,4.999000000000323e-06,-0.002736342,1
B4mNN3e5YAYidgsnNoyxwZ1GH3q6bc9FNymBZBoBFuALoNBUYf8LojeeduMKYn961sHof28YXcybNzPaMTww4h1,False,0.124360467,0.001181425,0.000373082,95,30,5e-06,0.0001,0.0,0.0,0.0013280590000000064,0.121372901,1
5VLpu7zK3ZBeEg52rS215V5SQtwLtJoN5iXjkZB3v1nmkV6MFsHdXYd859BLmiGMaxqZ1BALikBRq9XuB7qKkGt9,True,9.876e-06,9.4e-08,3e-08,95,30,5e-06,2e-05,0.0,0.00151384,9.999999999999983e-05,-0.00164884,1
pqSUFRExYNoacd1PzyiRbkTRNirELbcpxdZBMJPRkM3fJRkLVcx5p2YZSakAtjMp9WiRuUJJbnmzvUpgdALpsQh,False,0.002031277,1.9298e-05,6.094e-06,95,30,5e-06,1.3999999999999358e-08,0.0,0.0,-0.0028600399999999995,0.004860911,1
3DFwTeNRkCSxBKEgvnhcMasy1PFRRtVmXLQkLPG6aqXi253umLGGHMkoxuhvjXTFi6gWjGYRX78kW5qDJvNYKyt2,True,0.219259259,0.002082963,0.000657778,95,30,5e-06,9.9e-06,0.0,0.0,9.999999999998899e-05,-0.2221149,1
4NZAzDY7eUHGLiYPVZqZStLHMzEWcYrwEJ3Z4KZajduBRG9wNGYwQKRCDbYeXxJcpXXReAXFu2RU2vZZPTnq3Zor,False,0.100540699,0.000955137,0.000301623,95,30,5e-06,0.00021799999999999999,0.0,0.0,0.0011928759999999955,0.097868063,1
4AXgQN9kGHHy21JcB8Pe6JxBYw1ANs6SzWAJsyBbAMu5ghn8cuUFazUJ7ZaF9YCABmKqyhmC12G9NMewz5of77Rs,False,0.789252423,0.007497899,0.002367758,95,30,5e-06,0.001000001,0.0,0.00878952,0.011169080000000053,0.758423165,1
2aiYXp5rymYz8dmBr21R37kbpCpoBtBRz4qTzDbEx8j3TPL5CJcbERKVCAk3sz3GAbC9t1EKWnRFooA9nZz2W9UK,False,0.099999999,0.00095,0.0003,95,30,5e-06,0.0001,0.0,0.0,0.009250000000000008,0.089394999,1
35pRtF3PLsuvC9smJb1javoxtGxezcgFPTfV9Zb87Qmz5X7pR7rsWr6nCQ8Ldm4S4Vk9HLegFwrdHrJNPgoPyMjN,False,0.745333073,0.007080665,0.002236,95,30,5e-06,8.1e-05,0.0,0.0,-0.0021575999999999818,0.738088008,1
2jk6j2cxYSnvsvCLxN7btwKu7pqHdpEfcuFRF7ymtjgAsb66e17sqDE4xRkM9xjyG2FFUN9E3qnsWhq8W7DmzFkg,True,1.5,0.01425,0.0045,95,30,5e-06,0.0001,0.0,0.00151384,0.01749999999999985,-1.53786884,1
4CEBpj16qQS8Q3BaFD1cExrv7DKWu7kQTu4BAgvYJomqS1hmSysXMaSmPuQJqDBpawqFbMFWDKFihCqLW65bji2U,False,0.563543977,0.005353668,0.001690632,95,30,5e-06,9.5e-05,0.0,0.0,0.0,0.556399677,1
2maoVkuYweT5aXw7jgMxoPgnjh1iouWWQV7eSddZsExsjNw3wJnqSirqgJhu2ZJZ8jaLWhvYDvXrrKuz8YX4KRS2,True,1.129235263,0.010727736,0.003387706,95,30,5e-06,0.000253429,0.001007453,0.00300228,-0.0005925600000000752,-1.147026307,1
3xRKsRWCwKAi2CHpnw4AWCdCcrV3Sc9hEu33hdyTBGWNaqGV4i8hFqodkPTZJvg2xKenHMPsPd7rE7n2rELY8baY,False,0.009924688,9.4285e-05,2.9775e-05,95,30,5e-06,3.253e-06,0.0,0.0,-1.734723475976807e-18,0.009792375,1
4LnVdzM4itVsfc9KkKaz55xFMnbWzH4KL5Ltx2967RBCFSyVhsuDNiZ5yJrMMKoFR9fctqbsxjTLf3cWXFuiFce2,False,1.556919015,0.014790731,0.004670758,95,30,5e-06,0.00012649999999999998,0.0,0.0,0.001100000000000101,1.536226026,1
2ubWqRmAXJoMwgy6q6tiQ6vwZBWuvbiuZ8fkKp2Ef9SLHZVz6dd5e8pc33vgqHpgSYYgCYCY7z6XNfHQqiMC7QLV,False,0.188044907,0.001786427,0.000564135,95,30,5e-06,9.9e-06,0.0,0.0,0.0,0.185679445,1
35jMvapn9pd55chCM6jaRC1V1HonYW3CMgtpfhnA1SAGM3JzCrkRNfhdoKZu3ffwSkRVGW5j2yPrk5j9zqyu6XKn,False,0.416123463,0.003953173,0.001248371,95,30,5e-06,0.00012,0.0,0.0,0.0020000000000000573,0.408796919,1
3iuxYxRv6RS8SFFDwUNHgPWp41KZh7GwqahwUa8eAWVsZsG2gtvxfweCa74zCp3XDG1ubNoNdoP4fZKYdDX2eHUL,True,0.211280273,0.002007163,0.000633841,95,30,5e-06,8.497999999999999e-06,0.0,0.0,0.0010000000000000009,-0.214934775,1
5dffbkotaU1RpLNb7QTyYit6bgvQmzc3NCcyDdmN2Zh3e9uTk8QipUQoBeowRAmKr36UHqXGGanULnTvVsjKhjv2,True,0.004938271,4.6914e-05,1.4815e-05,95,30,5e-06,2e-05,0.0,0.00148844,0.0,-0.00651344,1
vTMP7CWCQRP8MAkickzDkQY9QLoUPsMkw4meB79zV3SZaPKStXh53XpCMDkRjvpxKqfyN4mgQwdoyeikaVbb6fG,True,0.366865273,0.003485221,0.001100596,95,30,5e-06,1.5499999999999936e-07,0.0,0.00300228,-0.373589772,-0.000868753,1
5xfrjyy1wp5o3KoJUpVbzph6HJrVjWz7Meem59jrMQXy5NpqJ7BTuf8JHZtwvXBFq4DHxp2R4tL8AeYUtUqqqLf4,True,0.493827159,0.004691359,0.001481482,95,30,5e-06,0.00019999999999999998,0.0,0.00151384,5.000000000032756e-06,-0.50172384,1
34jXLuYk2ic7JSoCQVGtabwhTQyB54hHWX1kd2DLzn63vMeryLqWb166QqMr7RuQE8SKB6v4pdmhoriqpqoi24jR,True,0.002191375,2.0819e-05,6.575e-06,95,30,5e-06,1.1500000000000002e-05,0.0,0.0,-4.336808689942018e-19,-0.002235269,1
67qZLJT6p2LJvKNst13jKuG1L26zcdRYfaBVE1CMzKkf6JtSXGWFANFQ7VkVBmjbxWmBu9zvoxABaUsBeSrDNfUi,True,0.001738591,1.6517e-05,5.216e-06,95,30,5e-06,1.1500000000000002e-05,0.0,0.0,0.0,-0.001776824,1
52NZMztWUAb34NfzHsbUrtsieoCrDqc5Evs2FsGnXzfu3RwXKnK6QifM2zR1HSPseXzwtmxpr6D7oSiQQP3mvs8c,True,0.00306872,2.9153e-05,9.207e-06,95,30,5e-06,1.9999999999993032e-09,0.0,0.0,0.0,-0.003112082,1
jZS7sLiSU4MjbEUcy7A6rYnHQqRqsXgV54tymMGHkuBctUd1b7m5bgryBaqxtP4RG73oXfh2mLUuaUEA2fviRZo,False,0.095482317,0.000907083,0.000286447,95,30,5e-06,5e-05,0.0,0.0,-0.0011163740000000033,0.095350161,1
5EqdkHeCNdoXeY9RpGkRKrb47EEhCajbk1VNzSzWVeQRiPjxvbUJKd1XCdK4ARabSvKnvCy5mDMDPGTk3jXiaHDH,True,0.589629629,0.005601482,0.001768889,95,30,1e-05,7.1089999999999975e-06,0.0,0.0028346400000000002,0.00016536000000000328,-0.600017109,2
5WXyMsQSuZPvwBDvGDa8iwhBRSe9iCVF2s83Gt89PZUCbL53p4pfr7GUz4j7nmxcuQjQa4gywgAfKooRKvzbwJ1q,False,0.019805419,0.000188152,5.9417e-05,95,30,5e-06,0.000250002,0.0,0.0,0.0,0.019302848,1
fjAu4Da66kbFd44XGAK642v1ZGkgPjtBB2BVg39Lvk9rk7aRFQPU1pKQDHjYwoF6hNeuiBBai26QFPJFP7Bvicp,False,0.390222981,0.003707119,0.001170669,95,30,5e-06,0.0001,0.0,0.0,-0.0020392799999999767,0.387279473,1
5gJBBkRU7r4o8bYFPzPcNDJwjvqZBJrCK5toWW7JQBhbSWkymgeXjsBM138sfxHkUcDVp9rDZchVFTYRSbWcd4Cv,True,0.780368844,0.007413505,0.002341107,95,30,5e-06,0.001,0.0,0.00151384,0.0069259249999999994,-0.799568221,1
5J5nKHpbb5SckzimeqzasLavMjUBE81NdLa6hdFnWHiTmyDSddztNt7EsDM7jYLcMG4D9nkrBzed3jyP5qDhfrvv,False,0.02737207,0.000260035,8.2117e-05,95,30,5e-06,2.0777e-05,0.0,0.0,-0.0015138400000000024,0.028517981,1
5LGXre1rmS7WT9ifTp8iam41yay5qNUmUJuiqoTmWY8iYEgG39gpZa8KmjWFXJcQ6zuGmd8vUW46fMaFy7KadxNQ,False,4.027757862,0.0382637,0.012083274,95,30,5e-06,1.6999999999999922e-07,0.0,0.00343916,3.9759224479999995,-0.00195589,1
47DmtssmrXKriPdzCocbjQcY97fgKDfaRLNs7G64B74H3pccS4RYLHb8Gq9qPhMrfng4FGJFWeaek14JFT3k3sUh,True,0.244424325,0.002322032,0.000733273,95,30,1e-05,1.75e-05,0.0,0.00893572,0.000843119999999975,-0.25728597,2
3Unr1rASLDZZBWuiB3YY8knpL2tAKPqgwAenVp9atN7hwhYhb5na6KKf5B2hRVZH6mezho6LRGeNkA5wR2U2ecPp,True,0.3,0.00285,0.0009,95,30,5e-06,9.9e-06,0.0,0.00151384,0.0001000000000000445,-0.30537874,1
